{"cameraMode":{"drawMode":0,"name":"Shaded","section":"Shading Mode"},"sceneLighting":true,"audioPlay":false,"sceneViewState":{"m_AlwaysRefresh":false,"showFog":true,"showSkybox":true,"showFlares":true,"showImageEffects":true,"showParticleSystems":true,"showVisualEffectGraphs":true,"m_FxEnabled":true},"in2DMode":false,"pivot":{"x":0.8947738409042358,"y":0.830286979675293,"z":3.231724739074707},"rotation":{"x":0.05696885287761688,"y":0.005389396566897631,"z":-0.00030207776580937207,"w":0.9983755946159363},"size":6.375802040100098,"orthographic":false}