{"cameraMode":{"drawMode":0,"name":"Shaded","section":"Shading Mode"},"sceneLighting":true,"audioPlay":false,"sceneViewState":{"m_AlwaysRefresh":false,"showFog":true,"showSkybox":true,"showFlares":true,"showImageEffects":true,"showParticleSystems":true,"showVisualEffectGraphs":true,"m_FxEnabled":true},"in2DMode":false,"pivot":{"x":0.9703850746154785,"y":1.5717607736587525,"z":1.775888442993164},"rotation":{"x":-0.04048532620072365,"y":-0.014987127855420113,"z":-0.0006069873343221843,"w":0.9990819096565247},"size":3.553863048553467,"orthographic":false}