{"cameraMode":{"drawMode":0,"name":"Shaded","section":"Shading Mode"},"sceneLighting":true,"audioPlay":false,"sceneViewState":{"m_AlwaysRefresh":false,"showFog":true,"showSkybox":true,"showFlares":true,"showImageEffects":true,"showParticleSystems":true,"showVisualEffectGraphs":true,"m_FxEnabled":true},"in2DMode":false,"pivot":{"x":4.137258529663086,"y":1.1853327751159669,"z":2.02433443069458},"rotation":{"x":0.017998510971665384,"y":-0.007498743012547493,"z":0.00013518502237275243,"w":0.9998164772987366},"size":3.482980966567993,"orthographic":false}