{"cameraMode":{"drawMode":0,"name":"Shaded","section":"Shading Mode"},"sceneLighting":true,"audioPlay":false,"sceneViewState":{"m_AlwaysRefresh":false,"showFog":true,"showSkybox":true,"showFlares":true,"showImageEffects":true,"showParticleSystems":true,"showVisualEffectGraphs":true,"m_FxEnabled":true},"in2DMode":false,"pivot":{"x":1.84605073928833,"y":0.9060243368148804,"z":2.1090078353881838},"rotation":{"x":0.0014991561183705927,"y":-0.02699686959385872,"z":0.00004092492599738762,"w":0.9996461868286133},"size":3.4396297931671144,"orthographic":false}