{"cameraMode":{"drawMode":0,"name":"Shaded","section":"Shading Mode"},"sceneLighting":true,"audioPlay":false,"sceneViewState":{"m_AlwaysRefresh":false,"showFog":true,"showSkybox":true,"showFlares":true,"showImageEffects":true,"showParticleSystems":true,"showVisualEffectGraphs":true,"m_FxEnabled":true},"in2DMode":false,"pivot":{"x":0.5968336462974548,"y":0.1845923364162445,"z":0.26815372705459597},"rotation":{"x":0.03445209935307503,"y":0.04884950444102287,"z":-0.0016860899049788714,"w":0.9982132315635681},"size":0.7078081965446472,"orthographic":false}