{"cameraMode":{"drawMode":0,"name":"Shaded","section":"Shading Mode"},"sceneLighting":true,"audioPlay":false,"sceneViewState":{"m_AlwaysRefresh":false,"showFog":true,"showSkybox":true,"showFlares":true,"showImageEffects":true,"showParticleSystems":true,"showVisualEffectGraphs":true,"m_FxEnabled":true},"in2DMode":false,"pivot":{"x":-0.02896285057067871,"y":0.8947172164916992,"z":-0.0211334228515625},"rotation":{"x":0.1579800844192505,"y":-0.06571336835622788,"z":0.010537351481616497,"w":0.9851977229118347},"size":1.595085620880127,"orthographic":false}