{"cameraMode":{"drawMode":0,"name":"Shaded","section":"Shading Mode"},"sceneLighting":true,"audioPlay":false,"sceneViewState":{"m_AlwaysRefresh":false,"showFog":true,"showSkybox":true,"showFlares":true,"showImageEffects":true,"showParticleSystems":true,"showVisualEffectGraphs":true,"m_FxEnabled":true},"in2DMode":false,"pivot":{"x":1.1358537673950196,"y":1.3300459384918213,"z":16.203453063964845},"rotation":{"x":0.007499076891690493,"y":0.0009095824207179248,"z":-0.00002322863474546466,"w":-0.9999979138374329},"size":8.67821979522705,"orthographic":false}